timeStamp,elapsed,label,responseCode,responseMessage,threadName,dataType,success,failureMessage,bytes,sentBytes,grpThreads,allThreads,URL,Latency,IdleTime,Connect
1753568801746,728,HTTP Login,200,OK,Moderate Plan 1-1,text,true,,825,252,1,1,http://localhost:5000/api/auth/login,728,0,3
1753568802937,773,HTTP Login,200,OK,Moderate Plan 1-2,text,true,,825,252,1,1,http://localhost:5000/api/auth/login,773,0,1
1753568804147,789,HTTP Login,200,OK,Moderate Plan 1-3,text,true,,825,252,1,1,http://localhost:5000/api/auth/login,789,0,2
1753568805345,669,HTTP Login,200,OK,Moderate Plan 1-4,text,true,,825,252,1,1,http://localhost:5000/api/auth/login,668,0,2
1753568806540,670,HTTP Login,200,OK,Moderate Plan 1-5,text,true,,825,252,1,1,http://localhost:5000/api/auth/login,670,0,2
1753568807740,779,HTTP Login,200,OK,Moderate Plan 1-6,text,true,,825,252,1,1,http://localhost:5000/api/auth/login,779,0,1
1753568808950,800,HTTP Login,200,OK,Moderate Plan 1-7,text,true,,825,252,1,1,http://localhost:5000/api/auth/login,800,0,1
1753568810144,725,HTTP Login,200,OK,Moderate Plan 1-8,text,true,,825,252,1,1,http://localhost:5000/api/auth/login,725,0,2
1753568811337,763,HTTP Login,200,OK,Moderate Plan 1-9,text,true,,825,252,1,1,http://localhost:5000/api/auth/login,763,0,2
1753568812546,776,HTTP Login,200,OK,Moderate Plan 1-10,text,true,,825,252,1,1,http://localhost:5000/api/auth/login,776,0,2
1753568813743,712,HTTP Login,200,OK,Moderate Plan 1-11,text,true,,825,252,1,1,http://localhost:5000/api/auth/login,712,0,2
1753568814939,742,HTTP Login,200,OK,Moderate Plan 1-12,text,true,,825,252,1,1,http://localhost:5000/api/auth/login,742,0,2
1753568816151,759,HTTP Login,200,OK,Moderate Plan 1-13,text,true,,825,252,1,1,http://localhost:5000/api/auth/login,759,0,2
1753568817343,696,HTTP Login,200,OK,Moderate Plan 1-14,text,true,,825,252,1,1,http://localhost:5000/api/auth/login,696,0,2
1753568818543,721,HTTP Login,200,OK,Moderate Plan 1-15,text,true,,825,252,1,1,http://localhost:5000/api/auth/login,721,0,2
1753568819738,756,HTTP Login,200,OK,Moderate Plan 1-16,text,true,,825,252,1,1,http://localhost:5000/api/auth/login,756,0,2
1753568820945,781,HTTP Login,200,OK,Moderate Plan 1-17,text,true,,825,252,1,1,http://localhost:5000/api/auth/login,781,0,1
1753568822147,804,HTTP Login,200,OK,Moderate Plan 1-18,text,true,,825,252,1,1,http://localhost:5000/api/auth/login,804,0,1
1753568823347,721,HTTP Login,200,OK,Moderate Plan 1-19,text,true,,825,252,1,1,http://localhost:5000/api/auth/login,721,0,1
1753568824544,748,HTTP Login,200,OK,Moderate Plan 1-20,text,true,,825,252,1,1,http://localhost:5000/api/auth/login,748,0,2
1753568825747,788,HTTP Login,200,OK,Moderate Plan 1-21,text,true,,825,252,1,1,http://localhost:5000/api/auth/login,788,0,1
1753568826945,717,HTTP Login,200,OK,Moderate Plan 1-22,text,true,,825,252,1,1,http://localhost:5000/api/auth/login,716,0,2
1753568828142,754,HTTP Login,200,OK,Moderate Plan 1-23,text,true,,825,252,1,1,http://localhost:5000/api/auth/login,754,0,1
1753568829353,772,HTTP Login,200,OK,Moderate Plan 1-24,text,true,,825,252,1,1,http://localhost:5000/api/auth/login,772,0,1
1753568830551,690,HTTP Login,200,OK,Moderate Plan 1-25,text,true,,825,252,1,1,http://localhost:5000/api/auth/login,690,0,2
1753568831752,734,HTTP Login,200,OK,Moderate Plan 1-26,text,true,,825,252,1,1,http://localhost:5000/api/auth/login,734,0,3
1753568832940,769,HTTP Login,200,OK,Moderate Plan 1-27,text,true,,825,252,1,1,http://localhost:5000/api/auth/login,769,0,1
1753568834139,791,HTTP Login,200,OK,Moderate Plan 1-28,text,true,,825,252,1,1,http://localhost:5000/api/auth/login,791,0,1
1753568835351,708,HTTP Login,200,OK,Moderate Plan 1-29,text,true,,825,252,1,1,http://localhost:5000/api/auth/login,708,0,2
1753568836548,735,HTTP Login,200,OK,Moderate Plan 1-30,text,true,,825,252,1,1,http://localhost:5000/api/auth/login,735,0,2
1753568837749,872,HTTP Login,200,OK,Moderate Plan 1-31,text,true,,825,252,1,1,http://localhost:5000/api/auth/login,872,0,1
1753568838954,801,HTTP Login,200,OK,Moderate Plan 1-32,text,true,,825,252,1,1,http://localhost:5000/api/auth/login,801,0,1
1753568840160,716,HTTP Login,200,OK,Moderate Plan 1-33,text,true,,825,252,1,1,http://localhost:5000/api/auth/login,716,0,2
1753568841340,751,HTTP Login,200,OK,Moderate Plan 1-34,text,true,,825,252,1,1,http://localhost:5000/api/auth/login,750,0,2
1753568842550,787,HTTP Login,200,OK,Moderate Plan 1-35,text,true,,825,252,1,1,http://localhost:5000/api/auth/login,787,0,2
1753568843748,718,HTTP Login,200,OK,Moderate Plan 1-36,text,true,,825,252,1,1,http://localhost:5000/api/auth/login,718,0,1
1753568844943,750,HTTP Login,200,OK,Moderate Plan 1-37,text,true,,825,252,1,1,http://localhost:5000/api/auth/login,750,0,2
1753568846151,768,HTTP Login,200,OK,Moderate Plan 1-38,text,true,,825,252,1,1,http://localhost:5000/api/auth/login,768,0,1
1753568847343,692,HTTP Login,200,OK,Moderate Plan 1-39,text,true,,825,252,1,1,http://localhost:5000/api/auth/login,692,0,1
1753568848550,708,HTTP Login,200,OK,Moderate Plan 1-40,text,true,,825,252,1,1,http://localhost:5000/api/auth/login,708,0,2
1753568849743,758,HTTP Login,200,OK,Moderate Plan 1-41,text,true,,825,252,1,1,http://localhost:5000/api/auth/login,758,0,2
1753568850941,893,HTTP Login,200,OK,Moderate Plan 1-42,text,true,,825,252,1,1,http://localhost:5000/api/auth/login,893,0,1
1753568852140,718,HTTP Login,200,OK,Moderate Plan 1-43,text,true,,825,252,1,1,http://localhost:5000/api/auth/login,718,0,1
1753568853349,733,HTTP Login,200,OK,Moderate Plan 1-44,text,true,,825,252,1,1,http://localhost:5000/api/auth/login,732,0,1
1753568854542,667,HTTP Login,200,OK,Moderate Plan 1-45,text,true,,825,252,1,1,http://localhost:5000/api/auth/login,667,0,1
1753568855746,796,HTTP Login,200,OK,Moderate Plan 1-46,text,true,,825,252,1,1,http://localhost:5000/api/auth/login,796,0,1
1753568856938,737,HTTP Login,200,OK,Moderate Plan 1-47,text,true,,825,252,1,1,http://localhost:5000/api/auth/login,737,0,1
1753568858150,743,HTTP Login,200,OK,Moderate Plan 1-48,text,true,,825,252,1,1,http://localhost:5000/api/auth/login,743,0,2
1753568859348,784,HTTP Login,200,OK,Moderate Plan 1-49,text,true,,825,252,1,1,http://localhost:5000/api/auth/login,784,0,1
1753568860543,813,HTTP Login,200,OK,Moderate Plan 1-50,text,true,,825,252,1,1,http://localhost:5000/api/auth/login,813,0,1
1753568896219,304,HTTP Forgot Password,200,OK,Moderate Plan 1-1,text,true,,459,239,1,1,http://localhost:5000/api/auth/forgot-password,304,0,3
1753568897414,223,HTTP Forgot Password,200,OK,Moderate Plan 1-2,text,true,,459,239,1,1,http://localhost:5000/api/auth/forgot-password,223,0,1
1753568898608,257,HTTP Forgot Password,200,OK,Moderate Plan 1-3,text,true,,459,239,1,1,http://localhost:5000/api/auth/forgot-password,257,0,1
1753568899820,276,HTTP Forgot Password,200,OK,Moderate Plan 1-4,text,true,,459,239,1,1,http://localhost:5000/api/auth/forgot-password,276,0,2
1753568901029,291,HTTP Forgot Password,200,OK,Moderate Plan 1-5,text,true,,459,239,1,1,http://localhost:5000/api/auth/forgot-password,291,0,1
1753568902210,242,HTTP Forgot Password,200,OK,Moderate Plan 1-6,text,true,,459,239,1,1,http://localhost:5000/api/auth/forgot-password,241,0,2
1753568903407,271,HTTP Forgot Password,200,OK,Moderate Plan 1-7,text,true,,459,239,1,1,http://localhost:5000/api/auth/forgot-password,271,0,2
1753568904623,286,HTTP Forgot Password,200,OK,Moderate Plan 1-8,text,true,,459,239,1,1,http://localhost:5000/api/auth/forgot-password,286,0,1
1753568905816,220,HTTP Forgot Password,200,OK,Moderate Plan 1-9,text,true,,459,239,1,1,http://localhost:5000/api/auth/forgot-password,220,0,2
1753568907013,253,HTTP Forgot Password,200,OK,Moderate Plan 1-10,text,true,,459,239,1,1,http://localhost:5000/api/auth/forgot-password,253,0,2
1753568908220,188,HTTP Forgot Password,200,OK,Moderate Plan 1-11,text,true,,459,239,1,1,http://localhost:5000/api/auth/forgot-password,188,0,2
1753568909412,186,HTTP Forgot Password,200,OK,Moderate Plan 1-12,text,true,,459,239,1,1,http://localhost:5000/api/auth/forgot-password,186,0,2
1753568910607,251,HTTP Forgot Password,200,OK,Moderate Plan 1-13,text,true,,459,239,1,1,http://localhost:5000/api/auth/forgot-password,251,0,2
1753568911813,201,HTTP Forgot Password,200,OK,Moderate Plan 1-14,text,true,,459,239,1,1,http://localhost:5000/api/auth/forgot-password,200,0,2
1753568913012,188,HTTP Forgot Password,200,OK,Moderate Plan 1-15,text,true,,459,239,1,1,http://localhost:5000/api/auth/forgot-password,188,0,1
1753568914207,328,HTTP Forgot Password,200,OK,Moderate Plan 1-16,text,true,,459,239,1,1,http://localhost:5000/api/auth/forgot-password,328,0,2
1753568915414,243,HTTP Forgot Password,200,OK,Moderate Plan 1-17,text,true,,459,239,1,1,http://localhost:5000/api/auth/forgot-password,243,0,1
1753568916621,185,HTTP Forgot Password,200,OK,Moderate Plan 1-18,text,true,,459,239,1,1,http://localhost:5000/api/auth/forgot-password,185,0,1
1753568917817,302,HTTP Forgot Password,200,OK,Moderate Plan 1-19,text,true,,459,239,1,1,http://localhost:5000/api/auth/forgot-password,302,0,2
1753568919012,232,HTTP Forgot Password,200,OK,Moderate Plan 1-20,text,true,,459,239,1,1,http://localhost:5000/api/auth/forgot-password,232,0,1
1753568920221,252,HTTP Forgot Password,200,OK,Moderate Plan 1-21,text,true,,459,239,1,1,http://localhost:5000/api/auth/forgot-password,251,0,1
1753568921417,191,HTTP Forgot Password,200,OK,Moderate Plan 1-22,text,true,,459,239,1,1,http://localhost:5000/api/auth/forgot-password,191,0,2
1753568922611,217,HTTP Forgot Password,200,OK,Moderate Plan 1-23,text,true,,459,239,1,1,http://localhost:5000/api/auth/forgot-password,217,0,2
1753568923807,250,HTTP Forgot Password,200,OK,Moderate Plan 1-24,text,true,,459,239,1,1,http://localhost:5000/api/auth/forgot-password,250,0,1
1753568925016,271,HTTP Forgot Password,200,OK,Moderate Plan 1-25,text,true,,459,239,1,1,http://localhost:5000/api/auth/forgot-password,270,0,2
1753568926212,215,HTTP Forgot Password,200,OK,Moderate Plan 1-26,text,true,,459,239,1,1,http://localhost:5000/api/auth/forgot-password,215,0,1
1753568927422,207,HTTP Forgot Password,200,OK,Moderate Plan 1-27,text,true,,459,239,1,1,http://localhost:5000/api/auth/forgot-password,207,0,2
1753568928617,255,HTTP Forgot Password,200,OK,Moderate Plan 1-28,text,true,,459,239,1,1,http://localhost:5000/api/auth/forgot-password,254,0,2
1753568929813,286,HTTP Forgot Password,200,OK,Moderate Plan 1-29,text,true,,459,239,1,1,http://localhost:5000/api/auth/forgot-password,286,0,2
1753568931011,215,HTTP Forgot Password,200,OK,Moderate Plan 1-30,text,true,,459,239,1,1,http://localhost:5000/api/auth/forgot-password,215,0,1
1753568932221,233,HTTP Forgot Password,200,OK,Moderate Plan 1-31,text,true,,459,239,1,1,http://localhost:5000/api/auth/forgot-password,233,0,1
1753568933417,267,HTTP Forgot Password,200,OK,Moderate Plan 1-32,text,true,,459,239,1,1,http://localhost:5000/api/auth/forgot-password,267,0,1
1753568934621,192,HTTP Forgot Password,200,OK,Moderate Plan 1-33,text,true,,459,239,1,1,http://localhost:5000/api/auth/forgot-password,192,0,2
1753568935814,227,HTTP Forgot Password,200,OK,Moderate Plan 1-34,text,true,,459,239,1,1,http://localhost:5000/api/auth/forgot-password,227,0,2
1753568937012,256,HTTP Forgot Password,200,OK,Moderate Plan 1-35,text,true,,459,239,1,1,http://localhost:5000/api/auth/forgot-password,256,0,2
1753568938217,191,HTTP Forgot Password,200,OK,Moderate Plan 1-36,text,true,,459,239,1,1,http://localhost:5000/api/auth/forgot-password,191,0,2
1753568939416,207,HTTP Forgot Password,200,OK,Moderate Plan 1-37,text,true,,459,239,1,1,http://localhost:5000/api/auth/forgot-password,207,0,2
1753568940613,185,HTTP Forgot Password,200,OK,Moderate Plan 1-38,text,true,,459,239,1,1,http://localhost:5000/api/auth/forgot-password,184,0,2
1753568941809,285,HTTP Forgot Password,200,OK,Moderate Plan 1-39,text,true,,459,239,1,1,http://localhost:5000/api/auth/forgot-password,285,0,2
1753568943006,203,HTTP Forgot Password,200,OK,Moderate Plan 1-40,text,true,,459,239,1,1,http://localhost:5000/api/auth/forgot-password,202,0,2
1753568944216,220,HTTP Forgot Password,200,OK,Moderate Plan 1-41,text,true,,459,239,1,1,http://localhost:5000/api/auth/forgot-password,220,0,1
1753568945410,256,HTTP Forgot Password,200,OK,Moderate Plan 1-42,text,true,,459,239,1,1,http://localhost:5000/api/auth/forgot-password,256,0,1
1753568946618,277,HTTP Forgot Password,200,OK,Moderate Plan 1-43,text,true,,459,239,1,1,http://localhost:5000/api/auth/forgot-password,277,0,1
1753568947808,185,HTTP Forgot Password,200,OK,Moderate Plan 1-44,text,true,,459,239,1,1,http://localhost:5000/api/auth/forgot-password,185,0,2
1753568949022,187,HTTP Forgot Password,200,OK,Moderate Plan 1-45,text,true,,459,239,1,1,http://localhost:5000/api/auth/forgot-password,187,0,2
1753568950215,262,HTTP Forgot Password,200,OK,Moderate Plan 1-46,text,true,,459,239,1,1,http://localhost:5000/api/auth/forgot-password,262,0,2
1753568951422,272,HTTP Forgot Password,200,OK,Moderate Plan 1-47,text,true,,459,239,1,1,http://localhost:5000/api/auth/forgot-password,272,0,1
1753568952619,214,HTTP Forgot Password,200,OK,Moderate Plan 1-48,text,true,,459,239,1,1,http://localhost:5000/api/auth/forgot-password,214,0,2
1753568953809,254,HTTP Forgot Password,200,OK,Moderate Plan 1-49,text,true,,459,239,1,1,http://localhost:5000/api/auth/forgot-password,254,0,2
1753568955021,271,HTTP Forgot Password,200,OK,Moderate Plan 1-50,text,true,,459,239,1,1,http://localhost:5000/api/auth/forgot-password,270,0,2
1753569087004,800,HTTP Signup,200,OK,Moderate Plan 1-1,text,true,,464,347,1,1,http://localhost:5000/api/doctors/register,799,0,2
1753569088201,727,HTTP Signup,200,OK,Moderate Plan 1-2,text,true,,464,347,1,1,http://localhost:5000/api/doctors/register,727,0,2
1753569089413,743,HTTP Signup,200,OK,Moderate Plan 1-3,text,true,,464,347,1,1,http://localhost:5000/api/doctors/register,743,0,1
1753569090609,774,HTTP Signup,200,OK,Moderate Plan 1-4,text,true,,464,347,1,1,http://localhost:5000/api/doctors/register,774,0,2
1753569091813,801,HTTP Signup,200,OK,Moderate Plan 1-5,text,true,,464,347,1,1,http://localhost:5000/api/doctors/register,801,0,1
1753569093009,731,HTTP Signup,200,OK,Moderate Plan 1-6,text,true,,464,347,1,1,http://localhost:5000/api/doctors/register,731,0,2
1753569094215,754,HTTP Signup,200,OK,Moderate Plan 1-7,text,true,,464,347,1,1,http://localhost:5000/api/doctors/register,754,0,1
1753569095413,787,HTTP Signup,200,OK,Moderate Plan 1-8,text,true,,464,347,1,1,http://localhost:5000/api/doctors/register,786,0,2
1753569096608,821,HTTP Signup,200,OK,Moderate Plan 1-9,text,true,,464,347,1,1,http://localhost:5000/api/doctors/register,820,0,2
1753569097804,752,HTTP Signup,200,OK,Moderate Plan 1-10,text,true,,464,347,1,1,http://localhost:5000/api/doctors/register,752,0,2
1753569099010,772,HTTP Signup,200,OK,Moderate Plan 1-11,text,true,,464,347,1,1,http://localhost:5000/api/doctors/register,772,0,2
1753569100214,798,HTTP Signup,200,OK,Moderate Plan 1-12,text,true,,464,347,1,1,http://localhost:5000/api/doctors/register,797,0,2
1753569101412,726,HTTP Signup,200,OK,Moderate Plan 1-13,text,true,,464,347,1,1,http://localhost:5000/api/doctors/register,726,0,2
1753569102607,863,HTTP Signup,200,OK,Moderate Plan 1-14,text,true,,464,347,1,1,http://localhost:5000/api/doctors/register,863,0,1
1753569103815,882,HTTP Signup,200,OK,Moderate Plan 1-15,text,true,,464,347,1,1,http://localhost:5000/api/doctors/register,882,0,2
1753569105011,806,HTTP Signup,200,OK,Moderate Plan 1-16,text,true,,464,347,1,1,http://localhost:5000/api/doctors/register,806,0,1
1753569106208,846,HTTP Signup,200,OK,Moderate Plan 1-17,text,true,,464,347,1,1,http://localhost:5000/api/doctors/register,846,0,1
1753569107413,767,HTTP Signup,200,OK,Moderate Plan 1-18,text,true,,464,347,1,1,http://localhost:5000/api/doctors/register,767,0,2
1753569108605,700,HTTP Signup,200,OK,Moderate Plan 1-19,text,true,,464,347,1,1,http://localhost:5000/api/doctors/register,700,0,1
1753569109808,728,HTTP Signup,200,OK,Moderate Plan 1-20,text,true,,464,347,1,1,http://localhost:5000/api/doctors/register,728,0,1
1753569111002,762,HTTP Signup,200,OK,Moderate Plan 1-21,text,true,,464,347,1,1,http://localhost:5000/api/doctors/register,761,0,2
1753569112214,778,HTTP Signup,200,OK,Moderate Plan 1-22,text,true,,464,347,1,1,http://localhost:5000/api/doctors/register,778,0,1
1753569113404,818,HTTP Signup,200,OK,Moderate Plan 1-23,text,true,,464,347,1,1,http://localhost:5000/api/doctors/register,818,0,1
1753569114604,743,HTTP Signup,200,OK,Moderate Plan 1-24,text,true,,464,347,1,1,http://localhost:5000/api/doctors/register,743,0,2
1753569115813,763,HTTP Signup,200,OK,Moderate Plan 1-25,text,true,,464,347,1,1,http://localhost:5000/api/doctors/register,763,0,2
1753569117011,795,HTTP Signup,200,OK,Moderate Plan 1-26,text,true,,464,347,1,1,http://localhost:5000/api/doctors/register,795,0,3
1753569118213,924,HTTP Signup,200,OK,Moderate Plan 1-27,text,true,,464,347,2,2,http://localhost:5000/api/doctors/register,924,0,1
1753569119409,753,HTTP Signup,200,OK,Moderate Plan 1-28,text,true,,464,347,1,1,http://localhost:5000/api/doctors/register,753,0,2
1753569120611,780,HTTP Signup,200,OK,Moderate Plan 1-29,text,true,,464,347,1,1,http://localhost:5000/api/doctors/register,780,0,2
1753569121808,811,HTTP Signup,200,OK,Moderate Plan 1-30,text,true,,464,347,1,1,http://localhost:5000/api/doctors/register,811,0,2
1753569123026,924,HTTP Signup,200,OK,Moderate Plan 1-31,text,true,,464,347,2,2,http://localhost:5000/api/doctors/register,923,0,1
1753569124208,869,HTTP Signup,200,OK,Moderate Plan 1-32,text,true,,464,347,1,1,http://localhost:5000/api/doctors/register,869,0,2
1753569125414,789,HTTP Signup,200,OK,Moderate Plan 1-33,text,true,,464,347,1,1,http://localhost:5000/api/doctors/register,789,0,1
1753569126608,824,HTTP Signup,200,OK,Moderate Plan 1-34,text,true,,464,347,1,1,http://localhost:5000/api/doctors/register,824,0,2
1753569127806,751,HTTP Signup,200,OK,Moderate Plan 1-35,text,true,,464,347,1,1,http://localhost:5000/api/doctors/register,751,0,1
1753569129002,752,HTTP Signup,200,OK,Moderate Plan 1-36,text,true,,464,347,1,1,http://localhost:5000/api/doctors/register,752,0,1
1753569130212,804,HTTP Signup,200,OK,Moderate Plan 1-37,text,true,,464,347,1,1,http://localhost:5000/api/doctors/register,803,0,2
1753569131408,734,HTTP Signup,200,OK,Moderate Plan 1-38,text,true,,464,347,1,1,http://localhost:5000/api/doctors/register,734,0,2
1753569132605,768,HTTP Signup,200,OK,Moderate Plan 1-39,text,true,,464,347,1,1,http://localhost:5000/api/doctors/register,767,0,2
1753569133806,795,HTTP Signup,200,OK,Moderate Plan 1-40,text,true,,464,347,1,1,http://localhost:5000/api/doctors/register,795,0,1
1753569135004,826,HTTP Signup,200,OK,Moderate Plan 1-41,text,true,,464,347,1,1,http://localhost:5000/api/doctors/register,826,0,2
1753569136205,752,HTTP Signup,200,OK,Moderate Plan 1-42,text,true,,464,347,1,1,http://localhost:5000/api/doctors/register,752,0,1
1753569137416,767,HTTP Signup,200,OK,Moderate Plan 1-43,text,true,,464,347,1,1,http://localhost:5000/api/doctors/register,767,0,2
1753569138612,904,HTTP Signup,200,OK,Moderate Plan 1-44,text,true,,464,347,2,2,http://localhost:5000/api/doctors/register,904,0,2
1753569139809,833,HTTP Signup,200,OK,Moderate Plan 1-45,text,true,,464,347,1,1,http://localhost:5000/api/doctors/register,833,0,1
1753569141006,764,HTTP Signup,200,OK,Moderate Plan 1-46,text,true,,464,347,1,1,http://localhost:5000/api/doctors/register,764,0,1
1753569142207,792,HTTP Signup,200,OK,Moderate Plan 1-47,text,true,,464,347,1,1,http://localhost:5000/api/doctors/register,791,0,2
1753569143409,716,HTTP Signup,200,OK,Moderate Plan 1-48,text,true,,464,347,1,1,http://localhost:5000/api/doctors/register,716,0,1
1753569144603,750,HTTP Signup,200,OK,Moderate Plan 1-49,text,true,,464,347,1,1,http://localhost:5000/api/doctors/register,750,0,2
1753569145813,768,HTTP Signup,200,OK,Moderate Plan 1-50,text,true,,464,347,1,1,http://localhost:5000/api/doctors/register,768,0,2
